1,Aguas Citrico 150 ml
2,Aguas Jabuticaba 150 ml
3,Aguas Lirio 150 ml
4,Aguas Tropicales 150 ml
5,Humor Beijo Femenino 75 ml
6,Combo Agua De Jabuticaba + Crema
7,Ekos Chuva 75 ml
8,Ekos Amazo Femenino Miniatura Frescor 75 ml
9,Ekos Acai Frescor 150 ml
10,Ekos Castaña Frescor 150 ml
11,Ekos Estoraque Frescor 150 ml
12,Ekos Ishpink Frescor 150 ml
13,Ekos Pitanga Clasica Frescor 150 ml
14,Ekos Maracuya Frescor Repuesto 150 ml
15,Ekos Pitanga Clasica Frescor Repuesto 150 ml
16,Ekos Tukuma Frescor 150 ml
17,Ekos Ryo Festa 75 ml
18,Ekos Ryo Vivo 75 ml
19,Ekos Ishpink Frescor Repuesto 150 ml
20,Essencial Ato Masculino 100 ml
21,Essencial Clasico Femenino 50 ml
22,Essencial Clasico Masculino 100 ml
23,Essencial Exclusivo Femenino 50 ml
24,Essencial Exclusivo Floral Femenino 50 ml
25,Essencial Exclusivo Masculino 100 ml
26,Essencial Oud Femenino 50 ml
27,Essencial Oud Femenino Repuesto 50 ml
28,Essencial Oud Masculino 100 ml
29,Essencial Oud Masculino Repuesto 100 ml
30,Essencial Oud Pimienta Femenino 50 ml
31,Essencial Oud Pimienta Masculino 100 ml
32,Essencial Sentir Femenino 50 ml
33,Essencial Sentir Masculino 100 ml
34,Homem Clasico Masculino 100 ml
35,Homem Coragio 100 ml
36,Homem Elo Masculino 100 ml
37,Homem Essence Masculino 100 ml
38,Homem Nos Masculino 100 ml
39,Homem Potence Masculino 100 ml
40,Homem Tato Masculino 100 ml
41,Horus Azul Marine Masculino 100 ml
42,Humor A Dois Masculino 75 ml
43,Humor Beijo Masculino 75 ml
44,Humor Conexion Masculino 75 ml
45,Humor Da Mina Vida 75 ml
46,Humor Festival Femenino 75 ml
47,Humor Galaxia Femenino 75 ml
48,Humor Liberta Unisex 75 ml
49,Humor Meu Primeiro Femenino 75 ml
50,Humor Paz Masculino 75 ml
51,Humor Propio Femenino 75 ml
52,Humor Transforma Unisex 75 ml
53,Ilia Clasico Femenino 50 ml
54,Ilia Plena Femenino 50 ml
55,Ilia Secreto Femenino 50 ml
56,Kaiak Aventura Femenino 100 ml
57,Kaiak Aventura Masculino 100 ml
58,Kaiak Clasico Femenino 100 ml
59,Kaiak Clasico Masculino 100 ml
60,Kaiak K Masculino 100 ml
61,Kaiak Oceano Femenino 100 ml
62,Kaiak Oceano Masculino 100 ml
63,Kaiak Oxigeno Masculino 100 ml
64,Kaiak Pulso Masculino 100 ml
65,Kaiak Sonar Femenino 100 ml
66,Kaiak Sonar Masculino 100 ml
67,Kaiak Urbe Masculino 100 ml
68,Kriska Jeans Femenino 100 ml
69,Kriska Shock Femenino 100 ml
70,Luna Absoluta Femenino 75 ml
71,Luna Atitude Femenino 50 ml
72,Luna Coragen Femenino 75 ml
73,Luna Ilumina Femenino 50 ml
74,Luna Intenso Femenino 50 ml
75,Luna Liberdade Femenino 75 ml
76,Luna Radiante Femenino 75 ml
77,Luna Rose Femenino 75 ml
78,Luna Viva Femenino 75 ml
79,Humor Meu Primeiro Femenino Splash Perfumado 200 ml
80,Tododia Frambuesa y Pimienta Rosa Splash
81,Tododia Mango Rosa y Agua De Coco Splash
82,Humor Liberta Unisex Splash Perfumado 100 ml
83,Humor Primeiro Femenino Splash Perfumado 100 ml
84,Humor Propio Femenino Splash Perfumado 200 ml
85,Kaiak Aventura Femenino Splash Perfumado 100 ml
86,Tododia Avellana y Casis Splash
87,Tododia Cereza Negra y Praline Splash
88,Tododia Cereza y Avallana Splash
89,Tododia Ciruela y Flor De Cerezo Splash
90,Tododia Ciruela y Flor De Vainilla Splash
91,Tododia Frutos Rojos Splash
92,Tododia Hojas De Limon y Guanabana Splash
93,Tododia Macadamia Splash
94,Tododia Te De Manzanilla y Lavanda Splash
95,Tododia Flor De Jengibre y Mandarina Splash
96,Tododia Manzana Caramelizada y Vainilla Splash
97,Una Brillo Femenino 75 ml
98,Una Clasico Femenino 50 ml
99,Dorsay Masculino 100 ml
100,Winner Sport Masculino 100 ml
101,Black Suede Clasico Masculino 100 ml
102,Exclusive In Black Masculino 100 ml
103,Exclusive Clasico Masculino 100 ml
104,Trescientos (300) Kilometros Surfer Masculino 100 ml
105,Trescientos (300) Kilometros Clasico Masculino 100 ml
106,Trescientos (300) Kilometros Virtual Adrenaline Masculino 100 ml
107,Trescientos (300) Kilometros Max Turbo Masculino 100 ml
108,Combo 300 Kilometros Quantum Masculino Perfume + Shampoo + Desodorante 100 ml
109,Bleu Night Masculino 100 ml
110,Homem Essence Masculino Splash Perfumado 100 ml
111,Homem Clasico Masculino Splash Perfumado 100 ml
112,Homem Potence Masculino Splash Perfumado 100 ml
113,Humor Paz Masculino Splash Perfumado 100 ml
114,Kaiak Aero Masculino Splash Perfumado 100 ml
115,Kaiak Aventura Masculino Splash Perfumado 100 ml
116,Kaiak Urbe Masculino Splash Perfumado 100 ml
117,Combo Limage Femenino Perfume + Desodorante 50 ml
118,Combo Vibranza Femenino Perfume + Mini Perfume + Crema 45 ml 8 ml 130 ml
119,Satin Rouge Femenino 50 ml
120,Dancing Night Femenino 90 ml
121,Dancing Clasico Femenino 90 ml
122,Prints Morada Femenino 30 ml
123,You Clasico Unisex 90 ml
124,Combo You Clasico Unisex Perfume + Mini Perfume + Desodorante 90 ml 50 ml
125,Blue y Bleu Memories 90 ml
126,Tastes Cool Femenino Splash 200 ml
127,Tastes Candy Femenino Splash 200 ml
128,Tastes Pop Femenino Splash 200 ml
129,Tastes Cream Femenino Splash 200 ml
130,Tastes Warm Femenino Splash 200 ml
131,Destine Florence Femenino Splash Refrescante 200 ml
132,Far Away Clasico Femenino 50 ml
133,Far Away Glamour Femenino 50 ml
134,Far Away Beyond Femenino 50 ml
135,Combo Loviu Date Night Morada Femenino Perfume + Crema 50 ml 90 ml
136,Combo Loviu Connected Naranja Femenino Perfume + Crema 50 ml 90 ml
137,Blossoming Petals Femenino Splash 120 ml
138,Kaiak Aventura Femenino Miniatura 25 ml
139,Kaiak Clasico Masculino Miniatura 25 ml
140,Kaiak Urbe Masculino Miniatura 25 ml
141,Combo Regalo Kaiak Miniaturas x3 25 ml
142,Fleur Femenino 50 ml
143,Secret Fantasy Love Letter Femenino Splash Perfumado 125 ml
144,Latin Attitude Femenino Splash Perfumado 125 ml
145,Flor De Cerezo y Orquidea Femenino Splash Refrescante 200 ml
146,Aguavibe Chipre Femenino 300 ml
147,Aguavibe Jasmin y Verbena Femenino 300 ml
148,Treselle Femenino 50 ml
149,Today Tomorrow Always Radiance 50 ml
150,Biografia Clasica Femenino 100 ml
151,Combo Chronos Gel Crema Antiseñales Firmeza y Luminosidad Dia + Noche 45+ 30 ml
152,Chronos Aqua Renovador Hidratante 30 ml
153,Chronos Aqua Biohidratante Renovador 30 ml
154,Combo Chronos Gel Crema Antiseñales Firmeza y Luminosidad Dia + Noche Repuesto 45+ 30 ml
155,Combo Chronos Gel Crema Antiseñales Relleno y Revitalizacion Dia + Noche Repuesto 60+ 30 ml
156,Chronos Gel Crema Antiseñales Renovacion y Prevencion Dia Repuesto 30+ 30 ml
157,Chronos Gel Crema Antiseñales Firmeza y Luminosidad Noche Repuesto 45+ 30 ml
158,Chronos Essencia De Tratamiento 100 ml - Envase
159,Chronos Mousse De Limpieza Intensiva 85 g
160,Chronos Agua Micelar Desmaquillante Suave 150 ml
161,Chronos Agua Micelar Desmaquillante Repuesto 150 ml
162,Chronos Gel De Limpieza Purificante Antioleosidad 130 g
163,Chronos Triple Exfoliante Peeling Antiseñales 50 g
164,Chronos Protector Solar Facial Multiaclarador De Manchas Fps 50+ Tono Claro Medio 50 ml
165,Chronos Protector Solar Facial Multiaclarador De Manchas Fps 50+ Medio Oscuro Nuevo 50 ml
166,Chronos Protector Solar Facial Multiaclarador De Manchas Fps 50+ Tono Medio Oscuro 50 ml
167,Chronos Protector Solar Facial Antoleosidad Reductor De Poros Fps 30 Incoloro 50 ml
168,Chronos Protector Solar Facial Antiseñales Fps 50 50 ml
169,Chronos Serum Intensivo Rellenador Biohidratante 30 ml - Envase
170,Chronos Serum Intensivo Rellenador Biohidratante Repuesto 30 ml
171,Chronos Super Serum Reductor De Arrugas 30 ml - Envase
172,Chronos Serum Intensivo Lifting y Firmeza 30 ml - Envase
173,Chronos Super Serum Reductor De Arrugas y Flacidez Ojos 30 ml - Envase
174,Chronos Super Serum Reductor De Arrugas y Flacidez Ojos Repuesto 30 ml
175,Chronos Serum Intensivo Antioxidante 15 ml- Envase
176,Chronos Serum Intensivo Multiaclarador De Manchas Repuesto 30 ml
177,Combo Faces Facial Jabon de Limpieza + Hidratante Matificante 50 ml
178,Fotoequilibrio Protector Solar Facial Gel Crema Hidratante Fps 50 50 g
179,Fotoequilibrio Protector Solar Facial Gel Crema Hidratante Fps 30 50 g
180,Solar Protector Solar Facial Hidratante Fps 70 50 ml
181,Fotoequilibrio Protector Facial Gel Crema Toque Seco Fps 50 50 g
182,Homem Gel Para Afeitar 75 ml
183,Homem Balsamo Post Barba 75 ml
184,Care Rosa Mosqueta Crema Facial 3 En 1 75 g
185,Fotoequilibrio Protector Solar Corporal y Rostro Niños Fps 50 200 ml
186,Fotoequilibrio Protector Solar Corporal Fps 50 200 ml
187,Solar Protector Solar Corporal Fps 70 200 ml
188,Combo x3 Tododia Ciruela y Flor De Vainilla
189,Combo x3 Tododia Cereza Negra y Praline
190,Combo x3 Tododia Cereza y Avellana
191,Combo x3 Tododia Manzana Caramlizada y Vainilla
192,Tododia Frutos Rojos Crema Corporal 400 ml - Envase
193,Tododia Hojas De Limon y Guanabana Crema Corporal 400 ml - Envase
194,Tododia Flor De Genjibre y Mandarina Crema Corporal 400 ml - Envase
195,Tododia Ciruela y Flor De Vainilla Crema Corporal 400 ml - Envase
196,Tododia Manza Caramelizada y Vainilla Crema Corporal 400 ml
197,Tododia Flor De Pera y Melisa Crema Corporal 400 ml - Envase
198,Tododia Mango Rosa y Agua De Coco Crema Corporal Repuesto 400 ml
199,Tododia Hojas De Limon y Guanabana Crema Corporal Repuesto 400 ml
200,Tododia Avellanas y Casis Crema Corporal Repuesto 400 ml
201,Tododia Nuez Pecan y Cacao Crema Corporal Repuesto 400 ml
202,Tododia Ciruela y Flor De Vainilla Crema Corporal Repuesto 400 ml
203,Tododia Nuez Pecan y Cacao Crema Corporal 200 ml
204,Combo Tododia Avellana y Casis Aceite Bifasico + Crema 120 ml 100 ml
205,Tododia Caja De Jabones Surtidos 5 Unidades 90 g
206,Tododia Frutos Rojos Caja De Jabones 5 Unidades 90 g
207,Tododia Manzana Carameliza y Vainilla Caja De Jabones 5 Unidades 90 g
208,Tododia Frambuesa y Pimienta Rosa Caja De Jabones 5 Unidades 90 g
209,Tododia Cereza Negra y Praline Caja De Jabones 5 Unidades 90 g
210,Tododia Cereza y Avellana Caja De Jabones 5 Unidades 90 g
211,Tododia Te De Manzanilla y Lavanda Caja De Jabones 2 Unidades 90 g
212,Ekos Caja De Jabones Cremosos Exfoliantes y Refrescantes 4 Unidades 100 g
213,Ekos Tukuma Caja De Jabones Cremosos y Exfoliantes Antiseñales 4 Unidades 100 g
214,Ekos Maracuya Jabon Masajeador 100 g
215,Ekos Maracuya Caja De Jabones Cremosos y Exfoliantes 4 Unidades 100 g
216,Ekos Caja De Jabones Cremosos y Exfoliantes 4 Unidades 100 g
217,Homem Caja De Jabones Masculinos x3 Unidades 110 g
218,Ekos Maracuya Jabon Liquido Exfoliante 185 ml
219,Ekos Tukuma Jabon Liquido Exfoliante 185 ml
220,Kaiak Clasico Femenino Jabon Liquido Corporal Perfumado 200 ml
221,Luna Radiante Femenino Jabon Liquido Corporal Perfumado 100 ml
222,Kriska Flores Femenino Jabon Liquido Corporal Perfumado 125 ml
223,Ekos Castaña Jabon Liquido Corporal Cremoso 100 ml
224,Tododia Frutas Rojas Exfoliante Corporal 100 g
225,Ekos Castaña Crema Corporal 400 ml - Envase
226,Ekos Maracuya Crema Corporal 400 ml - Envase
227,Ekos Andiroba Crema Corporal 400 ml - Envase
228,Ekos Ucuuba Crema Corporal 400 ml - Envase
229,Ekos Maracuya Crema Corporal Repuesto 400 ml
230,Ekos Ucuuba Crema Corporal Repuesto 400 ml
231,Andiroba Fluido De Masajes 100 g - Envase
232,Care Aceite De Coco Crema Corporal Litro
233,Care Avena y Extracto De Vainilla Crema Corporal Litro
234,Care Extracto De Almendras Crema Corporal Litro
235,Care Glicerina y Aceite De Almendra Crema Corporal Litro
236,Care Aceite De Argan y Naranja Crema Corporal Litro
237,Care Sandia Crema Corporal Litro
238,Care Aceite De Coco Crema Corporal 400 ml
239,Care Aceite De Argan y Naranja Crema Corporal 400 ml
240,Care Fruto Rojos Crema Corporal 400 ml
241,Care Aguacate Crema Corporal 400 ml
242,Care Derma Crema Corporal Reafirmante 400 ml
243,Care Derma Crema Corporal Reafirmante 750 ml
244,Care Derma Crema Corporal Iluminadora 750 ml
245,Kaiak Clasico Femenino Crema Corporal Gel Acqua Pos Solar Perfumada 390 ml
246,Kaiak Clasico Femenino Crema Hidratante Corporal Refrescante Baño Perfumada 100 ml
247,Humor Primeiro Crema Corporal Gel Iluminadora Perfumada 75 ml
248,Homem Coragio Masculino Crema Corporal Perfumada 125 ml
249,Works Crema Reparadora Para Pies Con Callosidades 100 g
250,Erva Doce Unisex Desodorante En Crema 80 g
251,Tododia Sin Perfume Femenino Desodorante En Crema 80 g
252,Tododia Leche De Algodon Femenino Desodorante En Crema 80 g
253,Tododia Avellana y Casis Femenino Desodorante En Crema 80 g
254,Tododia Aclarador Femenino Desodorante En Roll-On 70 ml
255,Tododia Leche De Algodon Femenino Desodorante En Roll-On 70 ml
256,Tododia Avellana y Casis Femenino Desodorante En Roll-On 70 ml
257,Tododia Mora Roja y Jabuticaba Femenino Desodorante En Roll-On 70 ml
258,Tododia Hojas De Limon y Guanabana Femenino Desodorante En Roll-On 70 ml
259,Homem Sin Perfume Masculino Desodorante En Roll-On 75 ml
260,Homem Masculino Desodorante En Roll-On 75 ml
261,Miss Sexy Femenino Crema Corporal Perfumada 130 ml
262,Simply Delicate Extracto De Avena Femenino Gel De Limpieza Intima 250 ml
263,Kaiak Clasico Masculino Shampoo Refrescante Perfumado 125 ml
264,Kaiak K Noite Masculino Shampoo Perfumado 125 ml
265,Ekos Cacao Crema Hidratante Para Manos 75 g
266,Ekos Pitanga Crema Hidratante Para Manos 75 g
267,Ekos Maracuya Crema Hidratante Para Manos 75 g
268,Ekos Maracuya Noche Crema Hidratante Para Manos 75 g
269,Ekos Ucuuba Crema Hidratante Para Manos 75 g
270,Ekos Tukuma Crema Hidratante Para Manos 75 g
271,Ekos Castaña Crema Hidratante Para Manos 75 g
272,Tododia Frutas Rojas Crema Hidratante De Manos 50 ml
273,Combo Lumina Anticaida x3 Shampoo + Acondicionador + Mascara - Envase
274,Combo Lumina Anticaida x4 Shampoo + Acondicionador + Mascara + Tonico - Envase
275,Combo Lumina Brillo y Proteccion De Color x2 Shampoo + Acondicionador - Envase
276,Combo Lumina Reconstruccion x4 Shampoo + Acondicionador + Mascara + Serum - Envase
277,Lumina Reconstruccion Acondicionador
278,Combo Lumina Reconstruccion x3 Shampoo + Acondicionador + Mascara Repuesto
279,Combo Lumina Reconstruccion x2 Shampoo + Acondicionador Repuesto
280,Combo Lumina Restauracion y Liso Prolongado x3 Shampoo + Acondicionador + Mascara - Envase
281,Combo Lumina Restauracion y Liso Prolongado x2 Shampoo + Acondicionador - Envase
282,Combo Lumina Rizado x4 Shampoo + Acondicionador + Mascara + Crema De Peinar - Envase
283,Combo Lumina Rizado x2 Shampoo + Acondicionador - Envase
284,Lumina Rizado Acondicionador
285,Combo Lumina Rizado x4 Shampoo + Acondicionador + Mascara + Crema De Peinar Repuesto
286,Combo Lumina Hidratacion y Proteccion Antipolucion x3 Shampoo + Acondicionador + Fluido - Envase
287,Lumina Hidratacion y Proteccion Antipolucion Shampoo - Envase
288,Lumina Matizacion y Restauracion - Envase
289,Combo Ekos Murumuru x4 Shampoo + Acondicionador + Mascara + Crema De Peinar
290,Combo Ekos Murumuru x4 Shampoo + Acondicionador + Mascara + Pre-Shampoo
291,Ekos Murumuru Shampoo
292,Tododia Rizado Spray Reactivador De Rizos 200 ml
293,Tododia Flor De Ciruela Perfume Capilar 60 ml
294,Combo Tododia Reparacion x2 Shampoo + Acondicionador + Mascara
295,Tododia Nutricion Shampoo + Acondicionador + Crema de Peinar
296,Tododia Nutricion Acondicionador Repuesto 300 ml
297,Combo Tododia Hidratacion x3 Shampoo + Acondicionador + Mascara
298,Lumina Anticaspa Shampoo Repuesto 300 ml
299,Lumina Hidratacion y Proteccion Antipolucion Shampoo Repuesto 300 ml
300,Lumina Brillo y Proteccion De Color Shampoo Repuesto 300 ml
301,Combo Lumina Fuerza y Reparacion Molecular x3 Shampoo + Acondicionador + Mascara Repuesto
306,Combo Lumina Fuerza y Reparacion Molecular x3 Shampoo + Acondicionador + Mascara Envase
302,Combo Tododia Rizado y Afros x3 Shampoo + Acondicionador + Crema De Peinar Repuesto
303,Tododia Rizado y Afros Crema De Peinar Repuesto
304,Combo Tododia Hidratacion x3 Shampoo + Acondicionador + Mascara Repuesto
305,Combo Tododia Hidratacion x2 Shampoo + Acondicionador Repuesto
308,Mama y Bebe Bebe Caja De Jabones x5 100 g
309,Una Primer Facial Fps 40 30 ml
310,Una Glos Labial Fps 15 8 ml
311,Una Corrector Cobertura Extrema 24H Tono 10N 8 ml
312,Una Corrector Cobertura Extrema 24H Tono 15N 8 ml
313,Una Corrector Cobertura Extrema 24H Tono 19N 8 ml
314,Una Corrector Cobertura Extrema 24H Tono 21N 8 ml
315,Una Corrector Cobertura Extrema 24H Tono 24N 8 ml
316,Una Corrector Cobertura Extrema 24H Tono 27N 8 ml
317,Una Corrector Cobertura Extrema 24H Tono 30N 8 ml
318,Una Labial Cc Tono Rose 4C 3,8 g
319,Una Serum Labial 1,8 g
320,Una Lapiz Kajal Ojos Tono Negro 1,14 g
330,Una Rubor Intense Me Tono Brone Perlado 6 g
321,Una Mascara Para Pestaña Volumen Magnifico 8 ml
322,Una Corrector Cobertura Extrema 24H Tono 32N 8 ml
323,Power Stay Pestañina 5 In 1 Genius 10 ml
324,Ekos Acai Bruma Facial Hidratante 100 ml
325,Seve Almendras Dulce Aceite Corporal 200 ml
326,Regalo Exclusive Masculino Perfume + Mini Perfume + Desodorante
327,Regalo Kaiak Clasico Masculino Splash + Gel De Afeitar 2 En 1 + Jabon
328,Regalo Kaiak Clasico Masculino Perfume + Shampoo + Crema En Spray
329,Combo Kaiak Clasico Masculino Perfume + Shampoo + Gel De Afeitar 2 En 1
331,Regalo Imari Femenino Perfume + Mini Perfume + Desodorante + Chocolate
332,Regalo Femenino Combinado Mini Frescor + Aceite Corporal + Jabon Tododia + Chocolate
333,Regalo Tododia Cereza y Avellana Femenino Crema 400 ml + Splash
334,Regalo Femenino Combinado Splash Perfumado + Jabon Liquido Corporal 200 ml y Crema Perfumada 100 g
335,Combo Ekos Pitanga Preta Femenino Frescor 150 ml + Caja de jabones de 6 unidades de 25 g c/u
336,Kaiak Clasico Femenino Miniatura 25 ml
337,Splash Perfumado Kaiak Clasico Femenino de 200 ml
338,Ekos Maracuya Crema Corporal 200 ml
339,Ekos Castaña Crema Corporal 200 ml
340,Ekos Cacao Crema Corporal 400 ml
341,Combo Ekos Murumuru x2 Shampoo + Acondicionador
342,Combo Tododia Reparacion x3 Shampoo + Acondicionador + Mascara Repuestos
343,Combo Tododia Reparacion x2 Shampoo + Acondicionador Repuestos
344,tododia Reparacion Shampoo 300 ml Repuesto
345,Combo Tododia Nutricion x3 Shampoo + Acondicionador + Macara Repuestos
346,Combo Tododia nutricion x2 Shampoo + Acondicionador Repuestos
347,Chronos Super Serum Reductor De Arrugas 30 ml - Repuesto
348,Hidratante Facial Piel Mixta 50 ml Faces
349,Solar Protector Solar Facial Hidratante Fps 50 50 ml
350,Ekos Acai Crema Corporal 400 ml Envase
351,Ekos Acai Minifrescor 75 ml
352,Ekos Acai Crema Hidratante Para Manos 75 g
353,Tododia Te de Manzanilla y Lavanda Crema Corporal 400 ml Envase
354,Tododia Te de Manzanilla y Lavanda Crema Corporal 200 ml
355,Tododia Te de Manzanilla y Lavanda Crema Nube Relajante Corporal 200 ml
356,Tododia Te de Manzanilla y Lavanda Caja de Jabones 5 Unidades 90 g
357,Solar Protector Solar Facial Control de Oleosidad Fps 50 50 ml
358,Solar Protector Solar Facial Control de Oleosidad Fps 70 50 ml
359,Tododia Caja De Jabones nuez pecan 5 Unidades 90 g
360,Combo Aguas Violeta 150 ml + Jabon en Barra 90 g
361,Perfume Cabello Essencia Lumina 30 ml
362,Primer Blur 30 ml
363,Regalo Niños Colonia 100 ml + Caja de Jabones x 3 Nature Salta la Cuerda
364,Humor Envolve 75 ml
365,Ekos Madeira em Flor Frescor 150 ml
366,Splash Perfumado Humor Primeiro Femenino de 100 ml
367,Jabon Liquido Perfumado Humor Primeiro Femenino de 75 ml
368,Ekos Maracuya Frescor 150 ml - Envase
369,Ekos Castaña Frescor 150 ml - Repuesto
370,Ekos Cacau Frescor 150 ml Envase
371,Ekos Castaña Crema Corporal 400 ml - Repuesto
372,Ekos Castaña Janon Liquido Para Manos 250 ml - Repuesto
373,Ekos Castaña Janon Liquido Corporal 195 ml - Repuesto
374,Ekos Pataua Shampoo + Acondicionador - Repuesto
375,Ekos Pataua Shampoo + Acondicionador + Tonico - Envase
376,Homem Potence Miniatura 25 ml
